id,username,active,creationDateTime
1000,test-user-1,0,2020-01-01 10:00:00
1001,test-user-2,1,2020-01-02 10:00:00
1002,test-user-3,2,2020-01-03 10:00:00
1003,test-user-4,3,2020-01-04 10:00:00
1004,test-user-5,4,2020-01-05 10:00:00
1005,test-user-6,5,2020-01-06 10:00:00
1006,test-user-7,6,2020-01-07 10:00:00
1007,test-user-8,7,2020-01-08 10:00:00
1008,test-user-9,8,2020-01-09 10:00:00
1009,test-user-10,9,2020-01-10 10:00:00
1010,test-user-11,10,2020-01-11 10:00:00
1011,test-user-12,11,2020-01-12 10:00:00
1012,test-user-13,12,2020-01-13 10:00:00
1013,test-user-14,13,2020-01-14 10:00:00
1014,test-user-15,14,2020-01-15 10:00:00
1015,test-user-16,15,2020-01-16 10:00:00
1016,test-user-17,16,2020-01-17 10:00:00
1017,test-user-18,17,2020-01-18 10:00:00
1018,test-user-19,18,2020-01-19 10:00:00
1019,test-user-20,19,2020-01-20 10:00:00
1020,test-user-21,20,2020-01-21 10:00:00
1021,test-user-22,21,2020-01-22 10:00:00
1022,test-user-23,22,2020-01-23 10:00:00
1023,test-user-24,23,2020-01-24 10:00:00
1024,test-user-25,24,2020-01-25 10:00:00
1025,test-user-26,25,2020-01-26 10:00:00
1026,test-user-27,26,2020-01-27 10:00:00
1027,test-user-28,27,2020-01-28 10:00:00
1028,test-user-29,28,2020-01-29 10:00:00
1029,test-user-30,29,2020-01-30 10:00:00
1030,test-user-31,30,2020-01-31 10:00:00
1031,test-user-32,31,2020-02-01 10:00:00
1032,test-user-33,32,2020-02-02 10:00:00
1033,test-user-34,33,2020-02-03 10:00:00
1034,test-user-35,34,2020-02-04 10:00:00
1035,test-user-36,35,2020-02-05 10:00:00
1036,test-user-37,36,2020-02-06 10:00:00
1037,test-user-38,37,2020-02-07 10:00:00
1038,test-user-39,38,2020-02-08 10:00:00
1039,test-user-40,39,2020-02-09 10:00:00
1040,test-user-41,40,2020-02-10 10:00:00
1041,test-user-42,41,2020-02-11 10:00:00
1042,test-user-43,42,2020-02-12 10:00:00
1043,test-user-44,43,2020-02-13 10:00:00
1044,test-user-45,44,2020-02-14 10:00:00
1045,test-user-46,45,2020-02-15 10:00:00
1046,test-user-47,46,2020-02-16 10:00:00
1047,test-user-48,47,2020-02-17 10:00:00
1048,test-user-49,48,2020-02-18 10:00:00
1049,test-user-50,49,2020-02-19 10:00:00
1050,test-user-51,50,2020-02-20 10:00:00
1051,test-user-52,51,2020-02-21 10:00:00
1052,test-user-53,52,2020-02-22 10:00:00
1053,test-user-54,53,2020-02-23 10:00:00
1054,test-user-55,54,2020-02-24 10:00:00
1055,test-user-56,55,2020-02-25 10:00:00
1056,test-user-57,56,2020-02-26 10:00:00
1057,test-user-58,57,2020-02-27 10:00:00
1058,test-user-59,58,2020-02-28 10:00:00
1059,test-user-60,59,2020-02-29 10:00:00
1060,test-user-61,60,2020-03-01 10:00:00
1061,test-user-62,61,2020-03-02 10:00:00
1062,test-user-63,62,2020-03-03 10:00:00
1063,test-user-64,63,2020-03-04 10:00:00
1064,test-user-65,64,2020-03-05 10:00:00
1065,test-user-66,65,2020-03-06 10:00:00
1066,test-user-67,66,2020-03-07 10:00:00
1067,test-user-68,67,2020-03-08 10:00:00
1068,test-user-69,68,2020-03-09 10:00:00
1069,test-user-70,69,2020-03-10 10:00:00
1070,test-user-71,70,2020-03-11 10:00:00
1071,test-user-72,71,2020-03-12 10:00:00
1072,test-user-73,72,2020-03-13 10:00:00
1073,test-user-74,73,2020-03-14 10:00:00
1074,test-user-75,74,2020-03-15 10:00:00
1075,test-user-76,75,2020-03-16 10:00:00
1076,test-user-77,76,2020-03-17 10:00:00
1077,test-user-78,77,2020-03-18 10:00:00
1078,test-user-79,78,2020-03-19 10:00:00
1079,test-user-80,79,2020-03-20 10:00:00
1080,test-user-81,80,2020-03-21 10:00:00
1081,test-user-82,81,2020-03-22 10:00:00
1082,test-user-83,82,2020-03-23 10:00:00
1083,test-user-84,83,2020-03-24 10:00:00
1084,test-user-85,84,2020-03-25 10:00:00
1085,test-user-86,85,2020-03-26 10:00:00
1086,test-user-87,86,2020-03-27 10:00:00
1087,test-user-88,87,2020-03-28 10:00:00
1088,test-user-89,88,2020-03-29 10:00:00
1089,test-user-90,89,2020-03-30 10:00:00
1090,test-user-91,90,2020-03-31 10:00:00
1091,test-user-92,91,2020-04-01 10:00:00
1092,test-user-93,92,2020-04-02 10:00:00
1093,test-user-94,93,2020-04-03 10:00:00
1094,test-user-95,94,2020-04-04 10:00:00
1095,test-user-96,95,2020-04-05 10:00:00
1096,test-user-97,96,2020-04-06 10:00:00
1097,test-user-98,97,2020-04-07 10:00:00
1098,test-user-99,98,2020-04-08 10:00:00
1099,test-user-100,99,2020-04-09 10:00:00
1100,test-user-101,100,2020-04-10 10:00:00
1101,test-user-102,101,2020-04-11 10:00:00
1102,test-user-103,102,2020-04-12 10:00:00
1103,test-user-104,103,2020-04-13 10:00:00
1104,test-user-105,104,2020-04-14 10:00:00
1105,test-user-106,105,2020-04-15 10:00:00
1106,test-user-107,106,2020-04-16 10:00:00
1107,test-user-108,107,2020-04-17 10:00:00
1108,test-user-109,108,2020-04-18 10:00:00
1109,test-user-110,109,2020-04-19 10:00:00
1110,test-user-111,110,2020-04-20 10:00:00
1111,test-user-112,111,2020-04-21 10:00:00
1112,test-user-113,112,2020-04-22 10:00:00
1113,test-user-114,113,2020-04-23 10:00:00
1114,test-user-115,114,2020-04-24 10:00:00
1115,test-user-116,115,2020-04-25 10:00:00
1116,test-user-117,116,2020-04-26 10:00:00
1117,test-user-118,117,2020-04-27 10:00:00
1118,test-user-119,118,2020-04-28 10:00:00
1119,test-user-120,119,2020-04-29 10:00:00
1120,test-user-121,120,2020-04-30 10:00:00
1121,test-user-122,121,2020-05-01 10:00:00
1122,test-user-123,122,2020-05-02 10:00:00
1123,test-user-124,123,2020-05-03 10:00:00
1124,test-user-125,124,2020-05-04 10:00:00
1125,test-user-126,125,2020-05-05 10:00:00
1126,test-user-127,126,2020-05-06 10:00:00
1127,test-user-128,127,2020-05-07 10:00:00
1128,test-user-129,128,2020-05-08 10:00:00
1129,test-user-130,129,2020-05-09 10:00:00
1130,test-user-131,130,2020-05-10 10:00:00
1131,test-user-132,131,2020-05-11 10:00:00
1132,test-user-133,132,2020-05-12 10:00:00
1133,test-user-134,133,2020-05-13 10:00:00
1134,test-user-135,134,2020-05-14 10:00:00
1135,test-user-136,135,2020-05-15 10:00:00
1136,test-user-137,136,2020-05-16 10:00:00
1137,test-user-138,137,2020-05-17 10:00:00
1138,test-user-139,138,2020-05-18 10:00:00
1139,test-user-140,139,2020-05-19 10:00:00
1140,test-user-141,140,2020-05-20 10:00:00
1141,test-user-142,141,2020-05-21 10:00:00
1142,test-user-143,142,2020-05-22 10:00:00
1143,test-user-144,143,2020-05-23 10:00:00
1144,test-user-145,144,2020-05-24 10:00:00
1145,test-user-146,145,2020-05-25 10:00:00
1146,test-user-147,146,2020-05-26 10:00:00
1147,test-user-148,147,2020-05-27 10:00:00
1148,test-user-149,148,2020-05-28 10:00:00
1149,test-user-150,149,2020-05-29 10:00:00
1150,test-user-151,150,2020-05-30 10:00:00
1151,test-user-152,151,2020-05-31 10:00:00
1152,test-user-153,152,2020-06-01 10:00:00
1153,test-user-154,153,2020-06-02 10:00:00
1154,test-user-155,154,2020-06-03 10:00:00
1155,test-user-156,155,2020-06-04 10:00:00
1156,test-user-157,156,2020-06-05 10:00:00
1157,test-user-158,157,2020-06-06 10:00:00
1158,test-user-159,158,2020-06-07 10:00:00
1159,test-user-160,159,2020-06-08 10:00:00
1160,test-user-161,160,2020-06-09 10:00:00
1161,test-user-162,161,2020-06-10 10:00:00
1162,test-user-163,162,2020-06-11 10:00:00
1163,test-user-164,163,2020-06-12 10:00:00
1164,test-user-165,164,2020-06-13 10:00:00
1165,test-user-166,165,2020-06-14 10:00:00
1166,test-user-167,166,2020-06-15 10:00:00
1167,test-user-168,167,2020-06-16 10:00:00
1168,test-user-169,168,2020-06-17 10:00:00
1169,test-user-170,169,2020-06-18 10:00:00
1170,test-user-171,170,2020-06-19 10:00:00
1171,test-user-172,171,2020-06-20 10:00:00
1172,test-user-173,172,2020-06-21 10:00:00
1173,test-user-174,173,2020-06-22 10:00:00
1174,test-user-175,174,2020-06-23 10:00:00
1175,test-user-176,175,2020-06-24 10:00:00
1176,test-user-177,176,2020-06-25 10:00:00
1177,test-user-178,177,2020-06-26 10:00:00
1178,test-user-179,178,2020-06-27 10:00:00
1179,test-user-180,179,2020-06-28 10:00:00
1180,test-user-181,180,2020-06-29 10:00:00
1181,test-user-182,181,2020-06-30 10:00:00
1182,test-user-183,182,2020-07-01 10:00:00
1183,test-user-184,183,2020-07-02 10:00:00
1184,test-user-185,184,2020-07-03 10:00:00
1185,test-user-186,185,2020-07-04 10:00:00
1186,test-user-187,186,2020-07-05 10:00:00
1187,test-user-188,187,2020-07-06 10:00:00
1188,test-user-189,188,2020-07-07 10:00:00
1189,test-user-190,189,2020-07-08 10:00:00
1190,test-user-191,190,2020-07-09 10:00:00
1191,test-user-192,191,2020-07-10 10:00:00
1192,test-user-193,192,2020-07-11 10:00:00
1193,test-user-194,193,2020-07-12 10:00:00
1194,test-user-195,194,2020-07-13 10:00:00
1195,test-user-196,195,2020-07-14 10:00:00
1196,test-user-197,196,2020-07-15 10:00:00
1197,test-user-198,197,2020-07-16 10:00:00
1198,test-user-199,198,2020-07-17 10:00:00
1199,test-user-200,199,2020-07-18 10:00:00
1200,test-user-201,200,2020-07-19 10:00:00
1201,test-user-202,201,2020-07-20 10:00:00
1202,test-user-203,202,2020-07-21 10:00:00
1203,test-user-204,203,2020-07-22 10:00:00
1204,test-user-205,204,2020-07-23 10:00:00
1205,test-user-206,205,2020-07-24 10:00:00
1206,test-user-207,206,2020-07-25 10:00:00
1207,test-user-208,207,2020-07-26 10:00:00
1208,test-user-209,208,2020-07-27 10:00:00
1209,test-user-210,209,2020-07-28 10:00:00
1210,test-user-211,210,2020-07-29 10:00:00
1211,test-user-212,211,2020-07-30 10:00:00
1212,test-user-213,212,2020-07-31 10:00:00
1213,test-user-214,213,2020-08-01 10:00:00
1214,test-user-215,214,2020-08-02 10:00:00
1215,test-user-216,215,2020-08-03 10:00:00
1216,test-user-217,216,2020-08-04 10:00:00
1217,test-user-218,217,2020-08-05 10:00:00
1218,test-user-219,218,2020-08-06 10:00:00
1219,test-user-220,219,2020-08-07 10:00:00
1220,test-user-221,220,2020-08-08 10:00:00
1221,test-user-222,221,2020-08-09 10:00:00
1222,test-user-223,222,2020-08-10 10:00:00
1223,test-user-224,223,2020-08-11 10:00:00
1224,test-user-225,224,2020-08-12 10:00:00
1225,test-user-226,225,2020-08-13 10:00:00
1226,test-user-227,226,2020-08-14 10:00:00
1227,test-user-228,227,2020-08-15 10:00:00
1228,test-user-229,228,2020-08-16 10:00:00
1229,test-user-230,229,2020-08-17 10:00:00
1230,test-user-231,230,2020-08-18 10:00:00
1231,test-user-232,231,2020-08-19 10:00:00
1232,test-user-233,232,2020-08-20 10:00:00
1233,test-user-234,233,2020-08-21 10:00:00
1234,test-user-235,234,2020-08-22 10:00:00
1235,test-user-236,235,2020-08-23 10:00:00
1236,test-user-237,236,2020-08-24 10:00:00
1237,test-user-238,237,2020-08-25 10:00:00
1238,test-user-239,238,2020-08-26 10:00:00
1239,test-user-240,239,2020-08-27 10:00:00
1240,test-user-241,240,2020-08-28 10:00:00
1241,test-user-242,241,2020-08-29 10:00:00
1242,test-user-243,242,2020-08-30 10:00:00
1243,test-user-244,243,2020-08-31 10:00:00
1244,test-user-245,244,2020-09-01 10:00:00
1245,test-user-246,245,2020-09-02 10:00:00
1246,test-user-247,246,2020-09-03 10:00:00
1247,test-user-248,247,2020-09-04 10:00:00
1248,test-user-249,248,2020-09-05 10:00:00
1249,test-user-250,249,2020-09-06 10:00:00
1250,test-user-251,250,2020-09-07 10:00:00
1251,test-user-252,251,2020-09-08 10:00:00
1252,test-user-253,252,2020-09-09 10:00:00
1253,test-user-254,253,2020-09-10 10:00:00
1254,test-user-255,254,2020-09-11 10:00:00
1255,test-user-256,255,2020-09-12 10:00:00
1256,test-user-257,256,2020-09-13 10:00:00
1257,test-user-258,257,2020-09-14 10:00:00
1258,test-user-259,258,2020-09-15 10:00:00
1259,test-user-260,259,2020-09-16 10:00:00
1260,test-user-261,260,2020-09-17 10:00:00
1261,test-user-262,261,2020-09-18 10:00:00
1262,test-user-263,262,2020-09-19 10:00:00
1263,test-user-264,263,2020-09-20 10:00:00
1264,test-user-265,264,2020-09-21 10:00:00
1265,test-user-266,265,2020-09-22 10:00:00
1266,test-user-267,266,2020-09-23 10:00:00
1267,test-user-268,267,2020-09-24 10:00:00
1268,test-user-269,268,2020-09-25 10:00:00
1269,test-user-270,269,2020-09-26 10:00:00
1270,test-user-271,270,2020-09-27 10:00:00
1271,test-user-272,271,2020-09-28 10:00:00
1272,test-user-273,272,2020-09-29 10:00:00
1273,test-user-274,273,2020-09-30 10:00:00
1274,test-user-275,274,2020-10-01 10:00:00
1275,test-user-276,275,2020-10-02 10:00:00
1276,test-user-277,276,2020-10-03 10:00:00
1277,test-user-278,277,2020-10-04 10:00:00
1278,test-user-279,278,2020-10-05 10:00:00
1279,test-user-280,279,2020-10-06 10:00:00
1280,test-user-281,280,2020-10-07 10:00:00
1281,test-user-282,281,2020-10-08 10:00:00
1282,test-user-283,282,2020-10-09 10:00:00
1283,test-user-284,283,2020-10-10 10:00:00
1284,test-user-285,284,2020-10-11 10:00:00
1285,test-user-286,285,2020-10-12 10:00:00
1286,test-user-287,286,2020-10-13 10:00:00
1287,test-user-288,287,2020-10-14 10:00:00
1288,test-user-289,288,2020-10-15 10:00:00
1289,test-user-290,289,2020-10-16 10:00:00
1290,test-user-291,290,2020-10-17 10:00:00
1291,test-user-292,291,2020-10-18 10:00:00
1292,test-user-293,292,2020-10-19 10:00:00
1293,test-user-294,293,2020-10-20 10:00:00
1294,test-user-295,294,2020-10-21 10:00:00
1295,test-user-296,295,2020-10-22 10:00:00
1296,test-user-297,296,2020-10-23 10:00:00
1297,test-user-298,297,2020-10-24 10:00:00
1298,test-user-299,298,2020-10-25 10:00:00
1299,test-user-300,299,2020-10-26 10:00:00
1300,test-user-301,300,2020-10-27 10:00:00
1301,test-user-302,301,2020-10-28 10:00:00
1302,test-user-303,302,2020-10-29 10:00:00
1303,test-user-304,303,2020-10-30 10:00:00
1304,test-user-305,304,2020-10-31 10:00:00
1305,test-user-306,305,2020-11-01 10:00:00
1306,test-user-307,306,2020-11-02 10:00:00
1307,test-user-308,307,2020-11-03 10:00:00
1308,test-user-309,308,2020-11-04 10:00:00
1309,test-user-310,309,2020-11-05 10:00:00
1310,test-user-311,310,2020-11-06 10:00:00
1311,test-user-312,311,2020-11-07 10:00:00
1312,test-user-313,312,2020-11-08 10:00:00
1313,test-user-314,313,2020-11-09 10:00:00
1314,test-user-315,314,2020-11-10 10:00:00
1315,test-user-316,315,2020-11-11 10:00:00
1316,test-user-317,316,2020-11-12 10:00:00
1317,test-user-318,317,2020-11-13 10:00:00
1318,test-user-319,318,2020-11-14 10:00:00
1319,test-user-320,319,2020-11-15 10:00:00
1320,test-user-321,320,2020-11-16 10:00:00
1321,test-user-322,321,2020-11-17 10:00:00
1322,test-user-323,322,2020-11-18 10:00:00
1323,test-user-324,323,2020-11-19 10:00:00
1324,test-user-325,324,2020-11-20 10:00:00
1325,test-user-326,325,2020-11-21 10:00:00
1326,test-user-327,326,2020-11-22 10:00:00
1327,test-user-328,327,2020-11-23 10:00:00
1328,test-user-329,328,2020-11-24 10:00:00
1329,test-user-330,329,2020-11-25 10:00:00
1330,test-user-331,330,2020-11-26 10:00:00
1331,test-user-332,331,2020-11-27 10:00:00
1332,test-user-333,332,2020-11-28 10:00:00
1333,test-user-334,333,2020-11-29 10:00:00
1334,test-user-335,334,2020-11-30 10:00:00
1335,test-user-336,335,2020-12-01 10:00:00
1336,test-user-337,336,2020-12-02 10:00:00
1337,test-user-338,337,2020-12-03 10:00:00
1338,test-user-339,338,2020-12-04 10:00:00
1339,test-user-340,339,2020-12-05 10:00:00
1340,test-user-341,340,2020-12-06 10:00:00
1341,test-user-342,341,2020-12-07 10:00:00
1342,test-user-343,342,2020-12-08 10:00:00
1343,test-user-344,343,2020-12-09 10:00:00
1344,test-user-345,344,2020-12-10 10:00:00
1345,test-user-346,345,2020-12-11 10:00:00
1346,test-user-347,346,2020-12-12 10:00:00
1347,test-user-348,347,2020-12-13 10:00:00
1348,test-user-349,348,2020-12-14 10:00:00
1349,test-user-350,349,2020-12-15 10:00:00
1350,test-user-351,350,2020-12-16 10:00:00
1351,test-user-352,351,2020-12-17 10:00:00
1352,test-user-353,352,2020-12-18 10:00:00
1353,test-user-354,353,2020-12-19 10:00:00
1354,test-user-355,354,2020-12-20 10:00:00
1355,test-user-356,355,2020-12-21 10:00:00
1356,test-user-357,356,2020-12-22 10:00:00
1357,test-user-358,357,2020-12-23 10:00:00
1358,test-user-359,358,2020-12-24 10:00:00
1359,test-user-360,359,2020-12-25 10:00:00
1360,test-user-361,360,2020-12-26 10:00:00
1361,test-user-362,361,2020-12-27 10:00:00
1362,test-user-363,362,2020-12-28 10:00:00
1363,test-user-364,363,2020-12-29 10:00:00
1364,test-user-365,364,2020-12-30 10:00:00
1365,test-user-366,365,2020-12-31 10:00:00
1366,test-user-367,366,2021-01-01 10:00:00
1367,test-user-368,367,2021-01-02 10:00:00
1368,test-user-369,368,2021-01-03 10:00:00
1369,test-user-370,369,2021-01-04 10:00:00
1370,test-user-371,370,2021-01-05 10:00:00
1371,test-user-372,371,2021-01-06 10:00:00
1372,test-user-373,372,2021-01-07 10:00:00
1373,test-user-374,373,2021-01-08 10:00:00
1374,test-user-375,374,2021-01-09 10:00:00
1375,test-user-376,375,2021-01-10 10:00:00
1376,test-user-377,376,2021-01-11 10:00:00
1377,test-user-378,377,2021-01-12 10:00:00
1378,test-user-379,378,2021-01-13 10:00:00
1379,test-user-380,379,2021-01-14 10:00:00
1380,test-user-381,380,2021-01-15 10:00:00
1381,test-user-382,381,2021-01-16 10:00:00
1382,test-user-383,382,2021-01-17 10:00:00
1383,test-user-384,383,2021-01-18 10:00:00
1384,test-user-385,384,2021-01-19 10:00:00
1385,test-user-386,385,2021-01-20 10:00:00
1386,test-user-387,386,2021-01-21 10:00:00
1387,test-user-388,387,2021-01-22 10:00:00
1388,test-user-389,388,2021-01-23 10:00:00
1389,test-user-390,389,2021-01-24 10:00:00
1390,test-user-391,390,2021-01-25 10:00:00
1391,test-user-392,391,2021-01-26 10:00:00
1392,test-user-393,392,2021-01-27 10:00:00
1393,test-user-394,393,2021-01-28 10:00:00
1394,test-user-395,394,2021-01-29 10:00:00
1395,test-user-396,395,2021-01-30 10:00:00
1396,test-user-397,396,2021-01-31 10:00:00
1397,test-user-398,397,2021-02-01 10:00:00
1398,test-user-399,398,2021-02-02 10:00:00
1399,test-user-400,399,2021-02-03 10:00:00
1400,test-user-401,400,2021-02-04 10:00:00
1401,test-user-402,401,2021-02-05 10:00:00
1402,test-user-403,402,2021-02-06 10:00:00
1403,test-user-404,403,2021-02-07 10:00:00
1404,test-user-405,404,2021-02-08 10:00:00
1405,test-user-406,405,2021-02-09 10:00:00
1406,test-user-407,406,2021-02-10 10:00:00
1407,test-user-408,407,2021-02-11 10:00:00
1408,test-user-409,408,2021-02-12 10:00:00
1409,test-user-410,409,2021-02-13 10:00:00
1410,test-user-411,410,2021-02-14 10:00:00
1411,test-user-412,411,2021-02-15 10:00:00
1412,test-user-413,412,2021-02-16 10:00:00
1413,test-user-414,413,2021-02-17 10:00:00
1414,test-user-415,414,2021-02-18 10:00:00
1415,test-user-416,415,2021-02-19 10:00:00
1416,test-user-417,416,2021-02-20 10:00:00
1417,test-user-418,417,2021-02-21 10:00:00
1418,test-user-419,418,2021-02-22 10:00:00
1419,test-user-420,419,2021-02-23 10:00:00
1420,test-user-421,420,2021-02-24 10:00:00
1421,test-user-422,421,2021-02-25 10:00:00
1422,test-user-423,422,2021-02-26 10:00:00
1423,test-user-424,423,2021-02-27 10:00:00
1424,test-user-425,424,2021-02-28 10:00:00
1425,test-user-426,425,2021-03-01 10:00:00
1426,test-user-427,426,2021-03-02 10:00:00
1427,test-user-428,427,2021-03-03 10:00:00
1428,test-user-429,428,2021-03-04 10:00:00
1429,test-user-430,429,2021-03-05 10:00:00
1430,test-user-431,430,2021-03-06 10:00:00
1431,test-user-432,431,2021-03-07 10:00:00
1432,test-user-433,432,2021-03-08 10:00:00
1433,test-user-434,433,2021-03-09 10:00:00
1434,test-user-435,434,2021-03-10 10:00:00
1435,test-user-436,435,2021-03-11 10:00:00
1436,test-user-437,436,2021-03-12 10:00:00
1437,test-user-438,437,2021-03-13 10:00:00
1438,test-user-439,438,2021-03-14 10:00:00
1439,test-user-440,439,2021-03-15 10:00:00
1440,test-user-441,440,2021-03-16 10:00:00
1441,test-user-442,441,2021-03-17 10:00:00
1442,test-user-443,442,2021-03-18 10:00:00
1443,test-user-444,443,2021-03-19 10:00:00
1444,test-user-445,444,2021-03-20 10:00:00
1445,test-user-446,445,2021-03-21 10:00:00
1446,test-user-447,446,2021-03-22 10:00:00
1447,test-user-448,447,2021-03-23 10:00:00
1448,test-user-449,448,2021-03-24 10:00:00
1449,test-user-450,449,2021-03-25 10:00:00
1450,test-user-451,450,2021-03-26 10:00:00
1451,test-user-452,451,2021-03-27 10:00:00
1452,test-user-453,452,2021-03-28 10:00:00
1453,test-user-454,453,2021-03-29 10:00:00
1454,test-user-455,454,2021-03-30 10:00:00
1455,test-user-456,455,2021-03-31 10:00:00
1456,test-user-457,456,2021-04-01 10:00:00
1457,test-user-458,457,2021-04-02 10:00:00
1458,test-user-459,458,2021-04-03 10:00:00
1459,test-user-460,459,2021-04-04 10:00:00
1460,test-user-461,460,2021-04-05 10:00:00
1461,test-user-462,461,2021-04-06 10:00:00
1462,test-user-463,462,2021-04-07 10:00:00
1463,test-user-464,463,2021-04-08 10:00:00
1464,test-user-465,464,2021-04-09 10:00:00
1465,test-user-466,465,2021-04-10 10:00:00
1466,test-user-467,466,2021-04-11 10:00:00
1467,test-user-468,467,2021-04-12 10:00:00
1468,test-user-469,468,2021-04-13 10:00:00
1469,test-user-470,469,2021-04-14 10:00:00
1470,test-user-471,470,2021-04-15 10:00:00
1471,test-user-472,471,2021-04-16 10:00:00
1472,test-user-473,472,2021-04-17 10:00:00
1473,test-user-474,473,2021-04-18 10:00:00
1474,test-user-475,474,2021-04-19 10:00:00
1475,test-user-476,475,2021-04-20 10:00:00
1476,test-user-477,476,2021-04-21 10:00:00
1477,test-user-478,477,2021-04-22 10:00:00
1478,test-user-479,478,2021-04-23 10:00:00
1479,test-user-480,479,2021-04-24 10:00:00
1480,test-user-481,480,2021-04-25 10:00:00
1481,test-user-482,481,2021-04-26 10:00:00
1482,test-user-483,482,2021-04-27 10:00:00
1483,test-user-484,483,2021-04-28 10:00:00
1484,test-user-485,484,2021-04-29 10:00:00
1485,test-user-486,485,2021-04-30 10:00:00
1486,test-user-487,486,2021-05-01 10:00:00
1487,test-user-488,487,2021-05-02 10:00:00
1488,test-user-489,488,2021-05-03 10:00:00
1489,test-user-490,489,2021-05-04 10:00:00
1490,test-user-491,490,2021-05-05 10:00:00
1491,test-user-492,491,2021-05-06 10:00:00
1492,test-user-493,492,2021-05-07 10:00:00
1493,test-user-494,493,2021-05-08 10:00:00
1494,test-user-495,494,2021-05-09 10:00:00
1495,test-user-496,495,2021-05-10 10:00:00
1496,test-user-497,496,2021-05-11 10:00:00
1497,test-user-498,497,2021-05-12 10:00:00
1498,test-user-499,498,2021-05-13 10:00:00